,PERSON_ID,DISPLAY_FIRST_LAST,TEAM_NAME,TEAM_ID,TEAM_ABBREVIATION
0,1630173,Precious Achiuwa,Raptors,1610612761,TOR
1,203500,Steven Adams,Grizzlies,1610612763,MEM
2,1628389,Bam Adebayo,Heat,1610612748,MIA
3,1630583,Santi Aldama,Grizzlies,1610612763,MEM
4,200746,LaMarcus Aldridge,Nets,1610612751,BKN
5,1629638,Nickeil Alexander-Walker,Jazz,1610612762,UTA
6,1628960,Grayson Allen,Bucks,1610612749,MIL
7,1628386,Jarrett Allen,Cavaliers,1610612739,CLE
8,1630631,Jose Alvarado,Pelicans,1610612740,NOP
10,203937,Kyle Anderson,Grizzlies,1610612763,MEM
11,203507,Giannis Antetokounmpo,Bucks,1610612749,MIL
12,203648,Thanasis Antetokounmpo,Bucks,1610612749,MIL
13,2546,Carmelo Anthony,Lakers,1610612747,LAL
14,1630175,Cole Anthony,Magic,1610612753,ORL
15,1628384,OG Anunoby,Raptors,1610612761,TOR
16,1627853,Ryan Arcidiacono,Knicks,1610612752,NYK
18,201571,D.J. Augustin,Lakers,1610612747,LAL
19,1630166,Deni Avdija,Wizards,1610612764,WAS
21,1629028,Deandre Ayton,Suns,1610612756,PHX
22,1628962,Udoka Azubuike,Jazz,1610612762,UTA
23,1628963,Marvin Bagley III,Pistons,1610612765,DET
24,1630163,LaMelo Ball,Hornets,1610612766,CHA
25,1628366,Lonzo Ball,Bulls,1610612741,CHI
26,1628964,Mo Bamba,Magic,1610612753,ORL
27,1630217,Desmond Bane,Grizzlies,1610612763,MEM
28,1630625,Dalano Banton,Raptors,1610612761,TOR
30,203084,Harrison Barnes,Kings,1610612758,SAC
31,1630567,Scottie Barnes,Raptors,1610612761,TOR
32,1629628,RJ Barrett,Knicks,1610612752,NYK
33,203115,Will Barton,Nuggets,1610612743,DEN
35,1629646,Charles Bassey,76ers,1610612755,PHI
36,1628966,Keita Bates-Diop,Spurs,1610612759,SAS
37,201587,Nicolas Batum,Clippers,1610612746,LAC
38,203145,Kent Bazemore,Lakers,1610612747,LAL
39,1629647,Darius Bazley,Thunder,1610612760,OKC
40,203078,Bradley Beal,Wizards,1610612764,WAS
41,1627736,Malik Beasley,Timberwolves,1610612750,MIN
44,202722,Davis Bertans,Mavericks,1610612742,DAL
45,201976,Patrick Beverley,Timberwolves,1610612750,MIN
46,1630180,Saddiq Bey,Pistons,1610612765,DET
47,203920,Khem Birch,Raptors,1610612761,TOR
48,1629048,Goga Bitadze,Pacers,1610612754,IND
49,202687,Bismack Biyombo,Suns,1610612756,PHX
50,202357,Nemanja Bjelica,Warriors,1610612744,GSW
51,202339,Eric Bledsoe,Trail Blazers,1610612757,POR
52,1629833,Keljin Blevins,Trail Blazers,1610612757,POR
53,203992,Bogdan Bogdanovic,Hawks,1610612737,ATL
54,202711,Bojan Bogdanovic,Jazz,1610612762,UTA
55,1629626,Bol Bol,Magic,1610612753,ORL
56,1630195,Leandro Bolmaro,Timberwolves,1610612750,MIN
57,1629067,Isaac Bonga,Raptors,1610612761,TOR
58,1626164,Devin Booker,Suns,1610612756,PHX
59,1630527,Brandon Boston Jr.,Clippers,1610612746,LAC
60,1628449,Chris Boucher,Raptors,1610612761,TOR
61,1630547,James Bouknight,Hornets,1610612766,CHA
62,202340,Avery Bradley,Lakers,1610612747,LAL
63,1628396,Tony Bradley,Bulls,1610612741,CHI
64,1629649,Ignas Brazdeikis,Magic,1610612753,ORL
65,1628969,Mikal Bridges,Suns,1610612756,PHX
66,1628970,Miles Bridges,Hornets,1610612766,CHA
67,1629052,Oshae Brissett,Pacers,1610612754,IND
68,1627763,Malcolm Brogdon,Pacers,1610612754,IND
69,1629717,Armoni Brooks,Raptors,1610612761,TOR
70,1628415,Dillon Brooks,Grizzlies,1610612763,MEM
71,1628971,Bruce Brown,Nets,1610612751,BKN
72,1627759,Jaylen Brown,Celtics,1610612738,BOS
73,1629650,Moses Brown,Cavaliers,1610612739,CLE
74,1628425,Sterling Brown,Mavericks,1610612742,DAL
75,1630535,Greg Brown III,Trail Blazers,1610612757,POR
76,1629718,Charlie Brown Jr.,76ers,1610612755,PHI
77,1630602,Chaundee Brown Jr.,Hawks,1610612737,ATL
78,1628972,Troy Brown Jr.,Bulls,1610612741,CHI
79,1628973,Jalen Brunson,Mavericks,1610612742,DAL
80,1628418,Thomas Bryant,Wizards,1610612764,WAS
82,203493,Reggie Bullock,Mavericks,1610612742,DAL
83,203504,Trey Burke,Mavericks,1610612742,DAL
84,202692,Alec Burks,Knicks,1610612752,NYK
85,1630215,Jared Butler,Jazz,1610612762,UTA
86,202710,Jimmy Butler,Heat,1610612748,MIA
87,1629719,Devontae Cacok,Spurs,1610612759,SAS
88,203484,Kentavious Caldwell-Pope,Wizards,1610612764,WAS
89,1630267,Facundo Campazzo,Nuggets,1610612743,DEN
90,1628427,Vlatko Cancar,Nuggets,1610612743,DEN
91,1629962,Devin Cannady,Magic,1610612753,ORL
92,203991,Clint Capela,Hawks,1610612737,ATL
93,1630176,Vernon Carey Jr.,Wizards,1610612764,WAS
94,1628975,Jevon Carter,Bucks,1610612749,MIL
95,1628976,Wendell Carter Jr.,Magic,1610612753,ORL
96,1627936,Alex Caruso,Bulls,1610612741,CHI
99,1630551,Justin Champagnie,Raptors,1610612761,TOR
101,1629185,Chris Chiozza,Warriors,1610612744,GSW
102,1627737,Marquese Chriss,Mavericks,1610612742,DAL
103,1630528,Josh Christopher,Rockets,1610612745,HOU
104,1629109,Gary Clark,Pelicans,1610612740,NOP
105,1629634,Brandon Clarke,Grizzlies,1610612763,MEM
106,203903,Jordan Clarkson,Jazz,1610612762,UTA
107,1629651,Nic Claxton,Nets,1610612751,BKN
108,1629599,Amir Coffey,Clippers,1610612746,LAC
109,1628381,John Collins,Hawks,1610612737,ATL
110,1628380,Zach Collins,Spurs,1610612759,SAS
112,201144,Mike Conley,Jazz,1610612762,UTA
113,1626192,Pat Connaughton,Bucks,1610612749,MIL
114,1629076,Tyler Cook,Bulls,1610612741,CHI
115,1630536,Sharife Cooper,Hawks,1610612737,ATL
117,202326,DeMarcus Cousins,Nuggets,1610612743,DEN
118,203496,Robert Covington,Clippers,1610612746,LAC
119,1628470,Torrey Craig,Suns,1610612756,PHX
120,203109,Jae Crowder,Suns,1610612756,PHX
121,1629633,Jarrett Culver,Grizzlies,1610612763,MEM
123,1630595,Cade Cunningham,Pistons,1610612765,DET
124,203552,Seth Curry,Nets,1610612751,BKN
125,201939,Stephen Curry,Warriors,1610612744,GSW
126,203076,Anthony Davis,Lakers,1610612747,LAL
127,202334,Ed Davis,Cavaliers,1610612739,CLE
128,1629056,Terence Davis,Kings,1610612758,SAC
130,201942,DeMar DeRozan,Bulls,1610612741,CHI
132,203473,Dewayne Dedmon,Heat,1610612748,MIA
134,1628978,Donte DiVincenzo,Kings,1610612758,SAC
137,1628977,Hamidou Diallo,Pistons,1610612765,DET
138,203476,Gorgui Dieng,Hawks,1610612737,ATL
139,203915,Spencer Dinwiddie,Mavericks,1610612742,DAL
140,1629029,Luka Doncic,Mavericks,1610612742,DAL
141,1629652,Luguentz Dort,Thunder,1610612760,OKC
142,1630245,Ayo Dosunmu,Bulls,1610612741,CHI
148,201609,Goran Dragic,Nets,1610612751,BKN
149,203083,Andre Drummond,Nets,1610612751,BKN
150,1630537,Chris Duarte,Pacers,1610612754,IND
151,1630561,David Duke Jr.,Nets,1610612751,BKN
153,201142,Kevin Durant,Nets,1610612751,BKN
155,1630162,Anthony Edwards,Timberwolves,1610612750,MIN
156,1629035,Carsen Edwards,Pistons,1610612765,DET
157,1630556,Kessler Edwards,Nets,1610612751,BKN
159,1629604,CJ Elleby,Trail Blazers,1610612757,POR
160,201961,Wayne Ellington,Lakers,1610612747,LAL
161,203954,Joel Embiid,76ers,1610612755,PHI
165,202324,Derrick Favors,Thunder,1610612760,OKC
166,1628981,Bruno Fernando,Rockets,1610612745,HOU
167,1627827,Dorian Finney-Smith,Mavericks,1610612742,DAL
168,1630238,Malik Fitts,Celtics,1610612738,BOS
169,1630201,Malachi Flynn,Raptors,1610612761,TOR
170,1627854,Bryn Forbes,Nuggets,1610612743,DEN
172,1630235,Trent Forrest,Jazz,1610612762,UTA
173,203095,Evan Fournier,Knicks,1610612752,NYK
174,1628368,De'Aaron Fox,Kings,1610612758,SAC
176,1628982,Melvin Frazier Jr.,Thunder,1610612760,OKC
178,1628365,Markelle Fultz,Magic,1610612753,ORL
179,1629117,Wenyen Gabriel,Lakers,1610612747,LAL
180,1629655,Daniel Gafford,Wizards,1610612764,WAS
181,201568,Danilo Gallinari,Hawks,1610612737,ATL
183,1629636,Darius Garland,Cavaliers,1610612739,CLE
185,1630586,Usman Garuba,Rockets,1610612745,HOU
186,1630568,Luka Garza,Pistons,1610612765,DET
187,200752,Rudy Gay,Jazz,1610612762,UTA
188,202331,Paul George,Clippers,1610612746,LAC
189,201959,Taj Gibson,Knicks,1610612752,NYK
190,1630581,Josh Giddey,Thunder,1610612760,OKC
191,1628983,Shai Gilgeous-Alexander,Thunder,1610612760,OKC
192,1630264,Anthony Gill,Wizards,1610612764,WAS
194,203497,Rudy Gobert,Jazz,1610612762,UTA
195,1629164,Brandon Goodwin,Cavaliers,1610612739,CLE
197,203932,Aaron Gordon,Nuggets,1610612743,DEN
198,201569,Eric Gordon,Rockets,1610612745,HOU
199,1628984,Devonte' Graham,Pelicans,1610612740,NOP
200,203924,Jerami Grant,Pistons,1610612765,DET
202,201980,Danny Green,76ers,1610612755,PHI
203,203110,Draymond Green,Warriors,1610612744,GSW
204,203210,JaMychal Green,Nuggets,1610612743,DEN
205,1630224,Jalen Green,Rockets,1610612745,HOU
206,1629750,Javonte Green,Bulls,1610612741,CHI
207,201145,Jeff Green,Nuggets,1610612743,DEN
208,1630182,Josh Green,Mavericks,1610612742,DAL
209,201933,Blake Griffin,Nets,1610612751,BKN
210,1629656,Quentin Grimes,Knicks,1610612752,NYK
212,1629060,Rui Hachimura,Wizards,1610612764,WAS
213,1630169,Tyrese Haliburton,Pacers,1610612754,IND
215,1630181,R.J. Hampton,Magic,1610612753,ORL
216,203501,Tim Hardaway Jr.,Mavericks,1610612742,DAL
217,201935,James Harden,76ers,1610612755,PHI
218,203090,Maurice Harkless,Kings,1610612758,SAC
219,1629607,Jared Harper,Pelicans,1610612740,NOP
220,1626149,Montrezl Harrell,Hornets,1610612766,CHA
221,203914,Gary Harris,Magic,1610612753,ORL
222,203925,Joe Harris,Nets,1610612751,BKN
223,202699,Tobias Harris,76ers,1610612755,PHI
225,1628404,Josh Hart,Trail Blazers,1610612757,POR
226,1628392,Isaiah Hartenstein,Clippers,1610612746,LAC
227,2617,Udonis Haslem,Heat,1610612748,MIA
228,1630573,Sam Hauser,Celtics,1610612738,BOS
229,1629637,Jaxson Hayes,Pelicans,1610612740,NOP
230,1630165,Killian Hayes,Pistons,1610612765,DET
231,202330,Gordon Hayward,Hornets,1610612766,CHA
233,1627823,Juancho Hernangomez,Jazz,1610612762,UTA
234,1626195,Willy Hernangomez,Pelicans,1610612740,NOP
235,1629639,Tyler Herro,Heat,1610612748,MIA
236,1627741,Buddy Hield,Pacers,1610612754,IND
237,1629312,Haywood Highsmith,Heat,1610612748,MIA
238,201588,George Hill,Bucks,1610612749,MIL
239,1630792,Malcolm Hill,Bulls,1610612741,CHI
241,1630207,Nate Hinton,Pacers,1610612754,IND
243,1628988,Aaron Holiday,Suns,1610612756,PHX
244,201950,Jrue Holiday,Bucks,1610612749,MIL
245,203200,Justin Holiday,Kings,1610612758,SAC
246,1626158,Richaun Holmes,Kings,1610612758,SAC
247,203918,Rodney Hood,Clippers,1610612746,LAC
249,201143,Al Horford,Celtics,1610612738,BOS
250,1629659,Talen Horton-Tucker,Lakers,1610612747,LAL
251,1627863,Danuel House Jr.,Jazz,1610612762,UTA
252,2730,Dwight Howard,Lakers,1610612747,LAL
253,1630210,Markus Howard,Nuggets,1610612743,DEN
254,1628989,Kevin Huerter,Hawks,1610612737,ATL
256,1630190,Elijah Hughes,Trail Blazers,1610612757,POR
257,1630624,Feron Hunt,Knicks,1610612752,NYK
258,1629631,De'Andre Hunter,Hawks,1610612737,ATL
260,1630538,Bones Hyland,Nuggets,1610612743,DEN
261,201586,Serge Ibaka,Bucks,1610612749,MIL
262,2738,Andre Iguodala,Warriors,1610612744,GSW
263,204060,Joe Ingles,Trail Blazers,1610612757,POR
264,1627742,Brandon Ingram,Pelicans,1610612740,NOP
265,202681,Kyrie Irving,Nets,1610612751,BKN
266,1628371,Jonathan Isaac,Magic,1610612753,ORL
268,1628402,Frank Jackson,Pistons,1610612765,DET
269,1630543,Isaiah Jackson,Pacers,1610612754,IND
270,1628367,Josh Jackson,Kings,1610612758,SAC
272,202704,Reggie Jackson,Clippers,1610612746,LAC
273,1628991,Jaren Jackson Jr.,Grizzlies,1610612763,MEM
274,2544,LeBron James,Lakers,1610612747,LAL
277,1629660,Ty Jerome,Thunder,1610612760,OKC
278,1630198,Isaiah Joe,76ers,1610612755,PHI
281,1629661,Cameron Johnson,Suns,1610612756,PHX
282,1630525,David Johnson,Raptors,1610612761,TOR
283,1630552,Jalen Johnson,Hawks,1610612737,ATL
286,1629640,Keldon Johnson,Spurs,1610612759,SAS
287,1630553,Keon Johnson,Trail Blazers,1610612757,POR
288,1626169,Stanley Johnson,Lakers,1610612747,LAL
290,203999,Nikola Jokic,Nuggets,1610612743,DEN
292,1627745,Damian Jones,Kings,1610612758,SAC
293,1630529,Herbert Jones,Pelicans,1610612740,NOP
295,1630539,Kai Jones,Hornets,1610612766,CHA
296,1630222,Mason Jones,Lakers,1610612747,LAL
297,1630200,Tre Jones,Spurs,1610612759,SAS
298,1626145,Tyus Jones,Grizzlies,1610612763,MEM
299,1627884,Derrick Jones Jr.,Bulls,1610612741,CHI
300,201599,DeAndre Jordan,76ers,1610612755,PHI
301,202709,Cory Joseph,Pistons,1610612765,DET
304,1628379,Luke Kennard,Clippers,1610612746,LAC
305,1630296,Braxton Key,Pistons,1610612765,DET
308,1630557,Corey Kispert,Wizards,1610612764,WAS
309,1628467,Maxi Kleber,Mavericks,1610612742,DAL
311,1630233,Nathan Knight,Timberwolves,1610612750,MIN
312,1628995,Kevin Knox II,Hawks,1610612737,ATL
313,1629723,John Konchar,Grizzlies,1610612763,MEM
314,1627788,Furkan Korkmaz,76ers,1610612755,PHI
315,1628436,Luke Kornet,Celtics,1610612738,BOS
316,1630249,Vit Krejci,Thunder,1610612760,OKC
317,1629083,Arnoldas Kulboka,Hornets,1610612766,CHA
318,1630228,Jonathan Kuminga,Warriors,1610612744,GSW
319,1628398,Kyle Kuzma,Wizards,1610612764,WAS
320,203897,Zach LaVine,Bulls,1610612741,CHI
321,1630237,Anthony Lamb,Rockets,1610612745,HOU
322,203087,Jeremy Lamb,Kings,1610612758,SAC
323,1629111,Jock Landale,Spurs,1610612759,SAS
324,1629641,Romeo Langford,Spurs,1610612759,SAS
325,1627774,Jake Layman,Timberwolves,1610612750,MIN
326,1627747,Caris LeVert,Cavaliers,1610612739,CLE
327,1627814,Damion Lee,Warriors,1610612744,GSW
328,1630240,Saben Lee,Pistons,1610612765,DET
329,203458,Alex Len,Kings,1610612758,SAC
330,202695,Kawhi Leonard,Clippers,1610612746,LAC
331,1630575,Scottie Lewis,Hornets,1610612766,CHA
332,1630184,Kira Lewis Jr.,Pelicans,1610612740,NOP
333,203081,Damian Lillard,Trail Blazers,1610612757,POR
334,1629642,Nassir Little,Trail Blazers,1610612757,POR
335,1630587,Isaiah Livers,Pistons,1610612765,DET
336,1626172,Kevon Looney,Warriors,1610612744,GSW
337,201572,Brook Lopez,Bucks,1610612749,MIL
338,201577,Robin Lopez,Magic,1610612753,ORL
339,1629712,Didi Louzada,Trail Blazers,1610612757,POR
340,201567,Kevin Love,Cavaliers,1610612739,CLE
341,200768,Kyle Lowry,Heat,1610612748,MIA
342,1630994,Gabriel Lundberg,Suns,1610612756,PHX
343,1627789,Timothe Luwawu-Cabarrot,Hawks,1610612737,ATL
344,1626168,Trey Lyles,Kings,1610612758,SAC
345,1630177,Theo Maledon,Thunder,1610612760,OKC
346,1630572,Sandro Mamukelashvili,Bucks,1610612749,MIL
347,1629611,Terance Mann,Clippers,1610612746,LAC
348,1630544,Tre Mann,Thunder,1610612760,OKC
349,1626246,Boban Marjanovic,Mavericks,1610612742,DAL
350,1628374,Lauri Markkanen,Cavaliers,1610612739,CLE
351,1630230,Naji Marshall,Pelicans,1610612740,NOP
352,1628997,Caleb Martin,Heat,1610612748,MIA
353,1628998,Cody Martin,Hornets,1610612766,CHA
355,1630231,Kenyon Martin Jr.,Rockets,1610612745,HOU
356,1629726,Garrison Mathews,Rockets,1610612745,HOU
358,202083,Wesley Matthews,Bucks,1610612749,MIL
359,1630178,Tyrese Maxey,76ers,1610612755,PHI
360,1630219,Skylar Mays,Hawks,1610612737,ATL
361,1630540,Miles McBride,Knicks,1610612752,NYK
362,1630644,Mac McClung,Lakers,1610612747,LAL
363,203468,CJ McCollum,Pelicans,1610612740,NOP
364,204456,T.J. McConnell,Pacers,1610612754,IND
365,1630183,Jaden McDaniels,Timberwolves,1610612750,MIN
366,1629667,Jalen McDaniels,Hornets,1610612766,CHA
367,203926,Doug McDermott,Spurs,1610612759,SAS
368,201580,JaVale McGee,Suns,1610612756,PHX
370,203585,Rodney McGruder,Pistons,1610612765,DET
373,1629162,Jordan McLaughlin,Timberwolves,1610612750,MIN
374,203463,Ben McLemore,Trail Blazers,1610612757,POR
375,1629001,De'Anthony Melton,Grizzlies,1610612763,MEM
377,1629002,Chimezie Metu,Kings,1610612758,SAC
378,203114,Khris Middleton,Bucks,1610612749,MIL
380,201988,Patty Mills,Nets,1610612751,BKN
381,200794,Paul Millsap,76ers,1610612755,PHI
382,1629003,Shake Milton,76ers,1610612755,PHI
383,1630558,Davion Mitchell,Kings,1610612758,SAC
384,1628378,Donovan Mitchell,Jazz,1610612762,UTA
385,1630596,Evan Mobley,Cavaliers,1610612739,CLE
386,1628370,Malik Monk,Lakers,1610612747,LAL
387,202328,Greg Monroe,Timberwolves,1610612750,MIN
388,1630541,Moses Moody,Warriors,1610612744,GSW
389,1629875,Xavier Moon,Clippers,1610612746,LAC
391,1629630,Ja Morant,Grizzlies,1610612763,MEM
392,1629752,Juwan Morgan,Celtics,1610612738,BOS
394,202693,Markieff Morris,Heat,1610612748,MIA
395,1628420,Monte Morris,Nuggets,1610612743,DEN
396,202694,Marcus Morris Sr.,Clippers,1610612746,LAC
398,1628539,Mychal Mulder,Heat,1610612748,MIA
400,1630530,Trey Murphy III,Pelicans,1610612740,NOP
401,1627749,Dejounte Murray,Spurs,1610612759,SAS
402,1627750,Jamal Murray,Nuggets,1610612743,DEN
403,203488,Mike Muscala,Thunder,1610612760,OKC
404,1629004,Svi Mykhailiuk,Raptors,1610612761,TOR
406,1626204,Larry Nance Jr.,Pelicans,1610612740,NOP
407,1630612,RJ Nembhard Jr.,Cavaliers,1610612739,CLE
408,1630174,Aaron Nesmith,Celtics,1610612738,BOS
409,203526,Raul Neto,Wizards,1610612764,WAS
411,1627777,Georges Niang,76ers,1610612755,PHI
412,1630227,Daishen Nix,Rockets,1610612745,HOU
413,1630192,Zeke Nnaji,Nuggets,1610612743,DEN
414,203457,Nerlens Noel,Knicks,1610612752,NYK
415,1629669,Jaylen Nowell,Timberwolves,1610612750,MIN
416,1628373,Frank Ntilikina,Mavericks,1610612742,DAL
417,1629134,Kendrick Nunn,Lakers,1610612747,LAL
418,203994,Jusuf Nurkic,Trail Blazers,1610612757,POR
419,1628021,David Nwaba,Rockets,1610612745,HOU
420,1629670,Jordan Nwora,Bucks,1610612749,MIL
421,1626220,Royce O'Neale,Jazz,1610612762,UTA
423,1629643,Chuma Okeke,Magic,1610612753,ORL
424,1629006,Josh Okogie,Timberwolves,1610612750,MIN
425,1630168,Onyeka Okongwu,Hawks,1610612737,ATL
426,1630171,Isaac Okoro,Cavaliers,1610612739,CLE
428,203506,Victor Oladipo,Heat,1610612748,MIA
430,203482,Kelly Olynyk,Pistons,1610612765,DET
433,1626224,Cedi Osman,Cavaliers,1610612739,CLE
435,1626162,Kelly Oubre Jr.,Hornets,1610612766,CHA
440,1629672,Eric Paschall,Jazz,1610612762,UTA
441,101108,Chris Paul,Suns,1610612756,PHX
442,1626166,Cameron Payne,Suns,1610612756,PHX
443,203901,Elfrid Payton,Suns,1610612756,PHX
444,1627780,Gary Payton II,Warriors,1610612744,GSW
447,1630691,Jamorko Pickett,Pistons,1610612765,DET
448,1629033,Theo Pinson,Mavericks,1610612742,DAL
449,203486,Mason Plumlee,Hornets,1610612766,CHA
450,1627751,Jakob Poeltl,Spurs,1610612759,SAS
451,1630197,Aleksej Pokusevski,Thunder,1610612760,OKC
452,1630582,Yves Pons,Grizzlies,1610612763,MEM
453,1629673,Jordan Poole,Warriors,1610612744,GSW
454,1629645,Kevin Porter Jr.,Rockets,1610612745,HOU
455,1629008,Michael Porter Jr.,Nuggets,1610612743,DEN
456,203490,Otto Porter Jr.,Warriors,1610612744,GSW
457,1626171,Bobby Portis,Bucks,1610612749,MIL
458,204001,Kristaps Porzingis,Wizards,1610612764,WAS
460,203939,Dwight Powell,Mavericks,1610612742,DAL
461,1629619,Myles Powell,76ers,1610612755,PHI
462,1626181,Norman Powell,Clippers,1610612746,LAC
464,1630563,Joshua Primo,Spurs,1610612759,SAS
465,1627752,Taurean Prince,Timberwolves,1610612750,MIN
466,1630202,Payton Pritchard,Celtics,1610612738,BOS
467,1630243,Trevelin Queen,Rockets,1610612745,HOU
468,1629674,Neemias Queta,Kings,1610612758,SAC
469,1630193,Immanuel Quickley,Knicks,1610612752,NYK
471,203944,Julius Randle,Knicks,1610612752,NYK
472,1630559,Austin Reaves,Lakers,1610612747,LAL
473,1629629,Cam Reddish,Knicks,1610612752,NYK
474,1628432,Davon Reed,Nuggets,1610612743,DEN
475,1630194,Paul Reed,76ers,1610612755,PHI
476,1629675,Naz Reid,Timberwolves,1610612750,MIN
477,1630208,Nick Richards,Hornets,1610612766,CHA
478,1626196,Josh Richardson,Spurs,1610612759,SAS
479,203085,Austin Rivers,Nuggets,1610612743,DEN
480,1629130,Duncan Robinson,Heat,1610612748,MIA
482,1629011,Mitchell Robinson,Knicks,1610612752,NYK
483,1630526,Jeremiah Robinson-Earl,Thunder,1610612760,OKC
484,1629676,Isaiah Roby,Thunder,1610612760,OKC
485,200765,Rajon Rondo,Cavaliers,1610612739,CLE
486,201565,Derrick Rose,Knicks,1610612752,NYK
487,203082,Terrence Ross,Magic,1610612753,ORL
488,1626179,Terry Rozier,Hornets,1610612766,CHA
489,201937,Ricky Rubio,Pacers,1610612754,IND
490,1626156,D'Angelo Russell,Timberwolves,1610612750,MIN
491,1630346,Matt Ryan,Celtics,1610612738,BOS
492,1627734,Domantas Sabonis,Kings,1610612758,SAC
493,203967,Dario Saric,Suns,1610612756,PHX
495,203107,Tomas Satoransky,Wizards,1610612764,WAS
496,1630648,Jordan Schakel,Wizards,1610612764,WAS
497,1629678,Admiral Schofield,Magic,1610612753,ORL
498,203471,Dennis Schroder,Rockets,1610612745,HOU
500,1630206,Jay Scrubb,Clippers,1610612746,LAC
502,1630578,Alperen Sengun,Rockets,1610612745,HOU
503,1629012,Collin Sexton,Cavaliers,1610612739,CLE
504,1629013,Landry Shamet,Suns,1610612756,PHX
505,1630549,Day'Ron Sharpe,Nets,1610612751,BKN
506,1627783,Pascal Siakam,Raptors,1610612761,TOR
508,1627732,Ben Simmons,Nets,1610612751,BKN
509,1630250,Marko Simonovic,Bulls,1610612741,CHI
510,1629014,Anfernee Simons,Trail Blazers,1610612757,POR
512,1630579,Jericho Sims,Knicks,1610612752,NYK
514,1630606,Javonte Smart,Heat,1610612748,MIA
515,203935,Marcus Smart,Celtics,1610612738,BOS
516,202397,Ish Smith,Wizards,1610612764,WAS
517,1630188,Jalen Smith,Pacers,1610612754,IND
519,1630270,Xavier Sneed,Jazz,1610612762,UTA
520,203503,Tony Snell,Pelicans,1610612740,NOP
521,1630531,Jaden Springer,76ers,1610612755,PHI
523,203917,Nik Stauskas,Celtics,1610612738,BOS
524,202362,Lance Stephenson,Pacers,1610612754,IND
525,1630205,Lamar Stevens,Cavaliers,1610612739,CLE
527,1630191,Isaiah Stewart,Pistons,1610612765,DET
528,1629622,Max Strus,Heat,1610612748,MIA
529,1630591,Jalen Suggs,Magic,1610612753,ORL
532,1630256,Jae'Sean Tate,Rockets,1610612745,HOU
533,1628369,Jayson Tatum,Celtics,1610612738,BOS
534,1630678,Terry Taylor,Pacers,1610612754,IND
535,202066,Garrett Temple,Pelicans,1610612740,NOP
537,1630179,Tyrell Terry,Grizzlies,1610612763,MEM
539,1628464,Daniel Theis,Celtics,1610612738,BOS
540,1630271,Brodric Thomas,Celtics,1610612738,BOS
541,1630560,Cam Thomas,Nets,1610612751,BKN
542,202738,Isaiah Thomas,Hornets,1610612766,CHA
543,1629744,Matt Thomas,Bulls,1610612741,CHI
544,202691,Klay Thompson,Warriors,1610612744,GSW
545,202684,Tristan Thompson,Bulls,1610612741,CHI
546,1630550,JT Thor,Hornets,1610612766,CHA
547,1629680,Matisse Thybulle,76ers,1610612755,PHI
548,1629681,Killian Tillie,Grizzlies,1610612763,MEM
549,1630214,Xavier Tillman,Grizzlies,1610612763,MEM
550,1630225,Isaiah Todd,Wizards,1610612764,WAS
551,1630167,Obi Toppin,Knicks,1610612752,NYK
552,1629308,Juan Toscano-Anderson,Warriors,1610612744,GSW
553,1626157,Karl-Anthony Towns,Timberwolves,1610612750,MIN
554,1629018,Gary Trent Jr.,Raptors,1610612761,TOR
555,200782,P.J. Tucker,Heat,1610612748,MIA
556,1629730,Rayjon Tucker,Bucks,1610612749,MIL
557,1626167,Myles Turner,Pacers,1610612754,IND
558,202685,Jonas Valanciunas,Pelicans,1610612740,NOP
560,1627832,Fred VanVleet,Raptors,1610612761,TOR
561,1629020,Jarred Vanderbilt,Timberwolves,1610612750,MIN
562,1630170,Devin Vassell,Spurs,1610612759,SAS
564,1629216,Gabe Vincent,Heat,1610612748,MIA
565,202696,Nikola Vucevic,Bulls,1610612741,CHI
566,1629731,Dean Wade,Cavaliers,1610612739,CLE
567,1630532,Franz Wagner,Magic,1610612753,ORL
568,1629021,Moritz Wagner,Magic,1610612753,ORL
569,1630688,Ish Wainright,Suns,1610612756,PHX
570,202689,Kemba Walker,Knicks,1610612752,NYK
572,1629022,Lonnie Walker IV,Spurs,1610612759,SAS
573,202322,John Wall,Rockets,1610612745,HOU
577,203933,T.J. Warren,Pacers,1610612754,IND
578,1629023,P.J. Washington,Hornets,1610612766,CHA
579,1630613,Duane Washington Jr.,Pacers,1610612754,IND
580,1629139,Yuta Watanabe,Raptors,1610612761,TOR
582,1630322,Lindy Waters III,Thunder,1610612760,OKC
583,1630570,Trendon Watford,Trail Blazers,1610612757,POR
585,1629683,Quinndary Weatherspoon,Warriors,1610612744,GSW
586,201566,Russell Westbrook,Lakers,1610612747,LAL
587,1629632,Coby White,Bulls,1610612741,CHI
588,1628401,Derrick White,Celtics,1610612738,BOS
589,202355,Hassan Whiteside,Jazz,1610612762,UTA
590,1630580,Joe Wieskamp,Spurs,1610612759,SAS
591,1630598,Aaron Wiggins,Thunder,1610612760,OKC
592,203952,Andrew Wiggins,Warriors,1610612744,GSW
593,1629623,Lindell Wigginton,Bucks,1610612749,MIL
594,1630314,Brandon Williams,Trail Blazers,1610612757,POR
595,1629684,Grant Williams,Celtics,1610612738,BOS
596,1629026,Kenrich Williams,Thunder,1610612760,OKC
597,101150,Lou Williams,Hawks,1610612737,ATL
598,1630172,Patrick Williams,Bulls,1610612741,CHI
599,1630533,Ziaire Williams,Grizzlies,1610612763,MEM
600,1629057,Robert Williams III,Celtics,1610612738,BOS
601,1629627,Zion Williamson,Pelicans,1610612740,NOP
603,1629685,Dylan Windler,Cavaliers,1610612739,CLE
604,1626159,Justise Winslow,Trail Blazers,1610612757,POR
605,1630216,Cassius Winston,Wizards,1610612764,WAS
606,1630164,James Wiseman,Warriors,1610612744,GSW
607,1626174,Christian Wood,Rockets,1610612745,HOU
608,1630218,Robert Woodard II,Spurs,1610612759,SAS
609,1626153,Delon Wright,Hawks,1610612737,ATL
610,1630589,Moses Wright,Mavericks,1610612742,DAL
611,1630593,McKinley Wright IV,Timberwolves,1610612750,MIN
612,1628221,Gabe York,Pacers,1610612754,IND
613,201152,Thaddeus Young,Raptors,1610612761,TOR
614,1629027,Trae Young,Hawks,1610612737,ATL
615,1630209,Omer Yurtseven,Heat,1610612748,MIA
617,1627826,Ivica Zubac,Clippers,1610612746,LAC
